id,name,path,Category
1,WoW_The_War_Within_Clash_Alleria_Wallpaper_1080x1920.png	,images\WoW_The_War_Within_Clash_Alleria_Wallpaper_1080x1920.png,TWW
2,WoW_The_War_Within_Clash_Wallpaper_Logo_1860x2480.png,images\WoW_The_War_Within_Clash_Wallpaper_Logo_1860x2480.png,TWW
3,WoW_The_War_Within_Clash_Alleria_Wallpaper_1080x2160.png	,images\WoW_The_War_Within_Clash_Alleria_Wallpaper_1080x2160.png,TWW
4,WoW_The_War_Within_Clash_Wallpaper_Logo_1920x1080.png,images\WoW_The_War_Within_Clash_Wallpaper_Logo_1920x1080.png,TWW
5,WoW_The_War_Within_Clash_Alleria_Wallpaper_1860x2480.png	,images\WoW_The_War_Within_Clash_Alleria_Wallpaper_1860x2480.png,TWW
6,WoW_The_War_Within_Clash_Wallpaper_Logo_1920x1080_alt.png,images\WoW_The_War_Within_Clash_Wallpaper_Logo_1920x1080_alt.png,TWW
7,WoW_The_War_Within_Clash_Alleria_Wallpaper_Logo_1080x1920.png	,images\WoW_The_War_Within_Clash_Alleria_Wallpaper_Logo_1080x1920.png,TWW
8,WoW_The_War_Within_Clash_Wallpaper_Logo_3840x2160.png,images\WoW_The_War_Within_Clash_Wallpaper_Logo_3840x2160.png,TWW
9,WoW_The_War_Within_Clash_Alleria_Wallpaper_Logo_1080x2160.png	,images\WoW_The_War_Within_Clash_Alleria_Wallpaper_Logo_1080x2160.png,TWW
10,WoW_The_War_Within_Clash_Wallpaper_Logo_3840x2160_alt.png,images\WoW_The_War_Within_Clash_Wallpaper_Logo_3840x2160_alt.png,TWW
11,WoW_The_War_Within_Clash_Alleria_Wallpaper_Logo_1860x2480.png	,images\WoW_The_War_Within_Clash_Alleria_Wallpaper_Logo_1860x2480.png,TWW
12,WoW_The_War_Within_Clash_Wallpaper_Xal_atath_Logo_1920x1080.png,images\WoW_The_War_Within_Clash_Wallpaper_Xal_atath_Logo_1920x1080.png,TWW
13,WoW_The_War_Within_Clash_Wallpaper_1080x1920.png		,images\WoW_The_War_Within_Clash_Wallpaper_1080x1920.png,TWW
14,WoW_The_War_Within_Clash_Wallpaper_Xal_atath_Logo_3840x2160.png,images\WoW_The_War_Within_Clash_Wallpaper_Xal_atath_Logo_3840x2160.png,TWW
15,WoW_The_War_Within_Clash_Wallpaper_1080x2160.png		,images\WoW_The_War_Within_Clash_Wallpaper_1080x2160.png,TWW
16,WoW_The_War_Within_Clash_Xal_atath_Wallpaper_1080x1920.png,images\WoW_The_War_Within_Clash_Xal_atath_Wallpaper_1080x1920.png,TWW
17,WoW_The_War_Within_Clash_Wallpaper_1860x2480.png		,images\WoW_The_War_Within_Clash_Wallpaper_1860x2480.png,TWW
18,WoW_The_War_Within_Clash_Xal_atath_Wallpaper_1080x2160.png,images\WoW_The_War_Within_Clash_Xal_atath_Wallpaper_1080x2160.png,TWW
19,WoW_The_War_Within_Clash_Wallpaper_Alleria_Logo_1920x1080.png	,images\WoW_The_War_Within_Clash_Wallpaper_Alleria_Logo_1920x1080.png,TWW
20,WoW_The_War_Within_Clash_Xal_atath_Wallpaper_1860x2480.png,images\WoW_The_War_Within_Clash_Xal_atath_Wallpaper_1860x2480.png,TWW
21,WoW_The_War_Within_Clash_Wallpaper_Alleria_Logo_3840x2160.png	,images\WoW_The_War_Within_Clash_Wallpaper_Alleria_Logo_3840x2160.png,TWW
22,WoW_The_War_Within_Clash_Xal_atath_Wallpaper_Logo_1080x2160.png,images\WoW_The_War_Within_Clash_Xal_atath_Wallpaper_Logo_1080x2160.png,TWW
23,WoW_The_War_Within_Clash_Wallpaper_Logo_1080x1920.png		,images\WoW_The_War_Within_Clash_Wallpaper_Logo_1080x1920.png,TWW
24,WoW_The_War_Within_Clash_Xal_atath_Wallpaper_Logo_1860x2480.png,images\WoW_The_War_Within_Clash_Xal_atath_Wallpaper_Logo_1860x2480.png,TWW
25,WoW_The_War_Within_Clash_Wallpaper_Logo_1080x2160.png		,images\WoW_The_War_Within_Clash_Wallpaper_Logo_1080x2160.png,TWW
26,WoW_The_War_Within_Clash_Xal_atath_Wallpaper__1080x1920.png,images\WoW_The_War_Within_Clash_Xal_atath_Wallpaper__1080x1920.png,TWW